Id,IsActive,IsDeleted,CreatedOn,LastModifiedOn,DeletedOn,Facebook,Instagram,Youtube,TikTok,LinkedIn,Spotify,AppleMusic,SoundCloud,MixCloud,Beatport,ArtistId,OrganizerId,PublicUserId
6,t,f,2025-01-17 11:32:36.895+00,2025-01-17 11:32:36.895+00,,https://www.reddit.com/,https://www.reddit.com/,https://www.reddit.com/,https://www.reddit.com/,https://www.reddit.com/,https://www.reddit.com/,https://www.reddit.com/,https://www.reddit.com/,,,,,1
61,t,f,2025-04-09 07:52:38.023+00,2025-04-09 07:52:38.023+00,,,,,,,https://open.spotify.com/,,,,,,,16
62,t,f,2025-04-09 11:10:19.206+00,2025-04-09 11:10:19.206+00,,,,,,,,,,,,,44,
63,t,f,2025-04-22 14:32:21.024+00,2025-04-22 14:32:21.024+00,,Facebook,Instagram,www.youtube.com/,TikTok,LinkedIn,https://www.example.com/additional,Apple Music,SoundCloud,,,,,19
68,t,f,2025-04-28 18:28:03.348+00,2025-04-28 18:28:03.348+00,,facebook.com/leo.vries.music,instagram.com/leo.vries,youtube.com/@lucasonic,tiktok.com/@lucavibe,,open.spotify.com/user/lucavibes ,music.apple.com/profile/lucamerciersonic,soundcloud.com/echo-lv ,,,,,20
71,t,f,2025-05-27 12:13:32.791+00,2025-05-27 12:13:32.791+00,,https://www.facebook.com/the.enveloper,https://www.instagram.com/the_enveloper/,,,,https://open.spotify.com/artist/1gnN5AR7LiAHTgWqTSCT8F?si=Nyvowin7SpKYal7i8RELGw,https://music.apple.com/za/artist/the-enveloper/1458457748,https://soundcloud.com/the_enveloper,,,104,,
72,t,f,2025-05-27 17:09:30.048+00,2025-05-27 17:09:30.048+00,,https://www.facebook.com/Rooneynasrr,https://www.instagram.com/rooneynasrmusic/,,,,https://open.spotify.com/artist/5JyUxCGRmiZRB2m3gmeIkL?si=cbQuSuqqTPWICNFBEe006w&nd=1&dlsi=b520f60f460d4a97,https://music.apple.com/za/artist/rooneynasr/1533089240,https://soundcloud.com/rooney-nasr,,,105,,
74,t,f,2025-05-27 18:15:41.476+00,2025-05-27 18:15:41.476+00,,https://www.facebook.com/joyhau5er,https://www.instagram.com/joyhauser_/?hl=en,https://www.youtube.com/@Joyhauser,,,https://open.spotify.com/artist/59a1Bp0JQfL2mGnpL0lW2Y,,https://soundcloud.com/joyhauser,,,107,,
75,t,f,2025-05-27 19:00:37.657+00,2025-05-27 19:00:37.657+00,,https://www.facebook.com/YouSawLaurent,https://www.instagram.com/_yousawlaurent_/,,https://www.tiktok.com/@yousawlaurent,,https://open.spotify.com/artist/2ooWIyyXpdRwdIwtnYREgz,,https://soundcloud.com/yousawlaurent,,,108,,
76,t,f,2025-05-28 11:40:52.461+00,2025-05-28 11:40:52.461+00,,https://www.facebook.com/amsterdamdanceevent,https://www.instagram.com/amsterdamdanceevent,https://www.youtube.com/@amsterdamdanceevent,,https://www.linkedin.com/company/amsterdam-dance-event,,,,,,,51,
77,t,f,2025-05-29 15:21:53.41+00,2025-05-29 15:21:53.41+00,,,https://www.instagram.com/radionamsterdam/,,,,,,,,,,52,
78,t,f,2025-05-29 15:38:54.464+00,2025-05-29 15:38:54.465+00,,,,,,,,,,,,,53,
79,t,f,2025-05-29 16:13:45.517+00,2025-05-29 16:13:45.517+00,,https://www.facebook.com/shelteradam,https://www.instagram.com/shelteramsterdam/,,,,,,,,,,54,
80,t,f,2025-05-29 17:09:40.332+00,2025-05-29 17:09:40.332+00,,https://www.facebook.com/VerkniptEvents,https://www.instagram.com/verkniptevents/,https://www.youtube.com/UCLsL15BKM8xltTCGKjMow8A,,,,,,,,,55,
81,t,f,2025-05-29 18:00:27.895+00,2025-05-29 18:00:27.895+00,,,,,,,,,,,,,56,
82,t,f,2025-06-06 16:51:13.08+00,2025-06-06 16:51:13.08+00,,,,,,,,,,,,,57,
83,t,f,2025-06-09 10:38:30.432+00,2025-06-09 10:38:30.432+00,,,,,,,,,,,,,59,
88,t,f,2025-06-09 11:29:16.723+00,2025-06-09 11:29:16.723+00,,https://www.facebook.com/WarehouseElementenstraat,https://www.instagram.com/warehouseelementenstraat,https://www.youtube.com/@warehouseelementenstraat,,,,,,,,,60,
89,t,f,2025-06-09 11:45:37.039+00,2025-06-09 11:45:37.039+00,,https://www.facebook.com/worm.rotterdam ,,,,,,,,,,,61,
90,t,f,2025-06-09 11:52:40.466+00,2025-06-09 11:52:40.466+00,,https://www.facebook.com/Maassilo,https://www.instagram.com/officialmaassilo/,https://www.youtube.com/watch?v=iPYObVIRc2c&t=1s,,,,,,,,,62,
91,t,f,2025-06-09 12:12:16.61+00,2025-06-09 12:12:16.61+00,,https://www.facebook.com/perronrotterdam/,https://www.instagram.com/cultuurpodiumperron/,,,,,,,,,,63,
92,t,f,2025-06-09 12:29:14.588+00,2025-06-09 12:29:14.588+00,,https://www.facebook.com/ColoradoCharlieScheveningen,https://www.instagram.com/colorado.charlie,,,,,,,,,,64,
93,t,f,2025-06-09 12:40:03.542+00,2025-06-09 12:40:03.542+00,,https://www.facebook.com/pipdenhaag,https://www.instagram.com/explore/locations/250529156/pip-den-haag/,https://www.youtube.com/channel/UC1cAcSPTujpzQ6fiWF_IvwQ/videos,,,,,,,,,65,
94,t,f,2025-06-23 12:07:03.507+00,2025-06-23 12:07:03.507+00,,https://www.facebook.com/share/1b1irNfMVa,https://www.instagram.com/nicoli.bear,,,,,,,,,,,22
95,t,f,2025-06-25 09:06:51.354+00,2025-06-25 09:06:51.354+00,,https://www.example.com/additional,https://www.example.com/additional,https://www.example.com/additional,https://www.example.com/additional,https://www.example.com/additional,,,,,,,,24
96,t,f,2025-07-10 07:28:27.246+00,2025-07-10 07:28:27.246+00,,,,,,,,,,,,,67,
99,t,f,2025-10-14 09:27:58.15+00,2025-10-14 09:27:58.15+00,,,https://www.instagram.com/megan._kylie,,,https://www.linkedin.com/in/meganbonnet,,,,,,,,26
101,t,f,2025-10-17 10:54:12.701+00,2025-10-17 10:54:12.702+00,,,https://www.instagram.com/sem_plemusic/,,,,https://open.spotify.com/artist/168pbLgW45PaMCQrUIfK0n?si=PlbeGv4MSxSBGUAJFdyKtw,,https://soundcloud.com/sem_ple? utm_source=clipboard&utm_medium=text&utm_campaign=social_sharing,,,122,,
103,t,f,2025-10-17 14:47:20.464+00,2025-10-17 14:47:20.464+00,,https://www.facebook.com/alexsharpofficial,https://www.instagram.com/alexsharpofficial,,,,https://open.spotify.com/artist/1mcttXdyZPO3iCbPINs9eo,,https://soundcloud.com/alex_sharp_official,,,123,,
104,t,f,2025-10-27 15:31:26.735+00,2025-10-27 15:31:26.735+00,,,,,,,,,,,,,,28
105,t,f,2025-10-27 16:34:42.435+00,2025-10-27 16:34:42.435+00,,,,,,,,,,,,,,29
106,t,f,2025-10-28 12:19:44.503+00,2025-10-28 12:19:44.503+00,,https://www.example.com/additional,https://www.example.com/additional,https://www.example.com/additional,https://www.example.com/additional,https://www.example.com/additional,,,,,,,,30
109,t,f,2025-10-30 17:56:17.77+00,2025-10-30 17:56:17.77+00,,https://www.facebook.com/share/1Cf2xzRBAy/?mibextid=wwXIfr,https://www.instagram.com/nicoli.bear?igsh=NWFxN2E0aWt2dmRr,https://www.youtube.com/@nicoli.thebear,https://www.tiktok.com/@nicoli.bear?_r=1&_t=ZS-91V5NxVpPxi,https://www.linkedin.com/in/nicoledebeer2?utm_source=share&utm_campaign=share_via&utm_content=profile&utm_medium=ios_app,,,,,,,,31
110,t,f,2025-10-30 20:30:49.854+00,2025-10-30 20:30:49.854+00,,https://www.facebook.com/lucydlive,https://www.instagram.com/lucyd_official,https://www.youtube.com/channel/UChofxEy2jdjOmfIaXWBgraQ,,,https://open.spotify.com/artist/3iTQW3eW545SLXd3kDK75h?si=kqCqm1b6QTyjnQ-p01FDPg,,https://soundcloud.com/lucyd_official,,,128,,
111,t,f,2025-10-30 20:58:09.001+00,2025-10-30 20:58:09.001+00,,,https://www.instagram.com/anastasiazems,,,,https://open.spotify.com/artist/2QXQfQ4wSCe6C6QAbsfOjO,https://music.apple.com/ru/artist/anastasia-zems/1334077528?l=en-GB,https://soundcloud.com/anastasiazems,,,129,,
113,t,f,2025-10-30 21:41:16.521+00,2025-10-30 21:41:16.521+00,,https://www.facebook.com/profile.php?id=61574715812392,https://www.instagram.com/tillatec,,,,,,,,,,89,
115,t,f,2025-10-31 09:12:48.349+00,2025-10-31 09:12:48.349+00,,https://www.facebook.com/ADAMTheLoft,https://www.instagram.com/theloft.amsterdam?igsh=Y2x4OGhkZjhobGM0,,,,,,,,,,91,
116,t,f,2025-10-31 09:37:22.551+00,2025-10-31 09:37:22.551+00,,https://www.facebook.com/Clubjohndoe/,https://www.instagram.com/clubjohndoe/#,,"",,,,,,,,92,
117,t,f,2025-10-31 10:00:13.546+00,2025-10-31 10:00:13.546+00,,https://www.facebook.com/escapeamsterdam/,https://www.instagram.com/escape_amsterdam/,,https://www.tiktok.com/@escape_amsterdam,,,,,,,,93,
118,t,f,2025-11-03 11:30:27.56+00,2025-11-03 11:30:27.56+00,,,https://www.instagram.com/sammy_mo_,https://www.youtube.com/watch?v=CJGJ2WJyums,,,,,https://soundcloud.com/sammy_mos,,,130,,
119,t,f,2025-11-03 11:56:44.786+00,2025-11-03 11:56:44.786+00,,https://www.facebook.com/bjoernsonmusic,https://www.instagram.com/bjoernsonmusic/,https://www.youtube.com/@bjoernsonmusic4101,https://www.tiktok.com/@bjoernsonmusic,https://www.linkedin.com/in/bjoern-efinger/,https://open.spotify.com/artist/6BbqaTSPwBAbVc8Bbh9G5l?si=cLUnR929TCifpoB2C09kdg&nd=1&dlsi=4b19c1c290ce48e1,https://music.apple.com/de/artist/bj%C3%B8rnson/1467520523,https://soundcloud.com/bjoernsonmusic,,,131,,
121,t,f,2025-11-03 13:34:12.085+00,2025-11-03 13:34:12.085+00,,,https://www.instagram.com/spice.up_official?igsh=MXJsYWV1NTFnODM4YQ==,,,,https://open.spotify.com/artist/6M8M2ZWFNTeFq6d8v55Z2a,,,,,133,,
122,t,f,2025-11-03 13:56:05.004+00,2025-11-03 13:56:05.004+00,,https://www.facebook.com/stevejerayno/,https://www.instagram.com/stevejerayno/,,,,https://open.spotify.com/artist/6dMtWpe3aAvJHPsbZRlVSe,,https://soundcloud.com/steve-jerayno,,,134,,
123,t,f,2025-11-03 16:31:30.287+00,2025-11-03 16:31:30.287+00,,https://www.facebook.com/Soroush.ua,https://www.instagram.com/soroushheidari,https://www.youtube.com/@soroush_heidari,,,https://open.spotify.com/artist/1ahCylImIyHObr0Sl8oStt?si=ZbF1yj13RfOTkpyy4P6LEQ&nd=1&dlsi=e0238f90c88a4745,https://music.apple.com/ua/artist/soroush-heidari/1640452248,https://soundcloud.com/soroushheidari,,,136,,
124,t,f,2025-11-03 17:21:17.527+00,2025-11-03 17:21:17.527+00,,https://www.facebook.com/djmateohun,https://www.instagram.com/mateodjhun/,,,,https://open.spotify.com/artist/3XTXJ0qA1B0EZxqdPcISv2,,https://soundcloud.com/mateoandspirit,,,137,,
125,t,f,2025-11-03 18:05:27.169+00,2025-11-03 18:05:27.169+00,,https://www.facebook.com/Danielladasilva.music,https://www.instagram.com/daniella.dasilva_/#,,,,https://open.spotify.com/artist/2V52zdTJjdY4BLG7lrkkdj?si=VMI8dQ6SQWW15CKwFA-xjw&nd=1&dlsi=5f1f0f1420554cb0,,https://soundcloud.com/daniella_dasilva,,,138,,
126,t,f,2025-11-03 19:47:51.64+00,2025-11-03 19:47:51.64+00,,https://www.facebook.com/saskialaval/,https://www.instagram.com/saskialaval/,https://www.youtube.com/channel/UCrxBqFUlZoBqlS9VMrQv_zA,,,https://open.spotify.com/artist/49ejPjp0Le3BBUa6rVPIob,,https://soundcloud.com/saskialaval,,,139,,
127,t,f,2025-11-04 08:25:55.367+00,2025-11-04 08:25:55.367+00,,https://www.facebook.com/ravingcharlie,https://www.instagram.com/raving.charlie/,,https://www.tiktok.com/@ravingcharlie,,,,,,,,97,
130,t,f,2025-11-05 08:12:50.491+00,2025-11-05 08:12:50.491+00,,https://www.facebook.com/p/Gaya-Carmeli-100089417074526/,https://www.instagram.com/gayacarmeli/,https://www.youtube.com/@Gayacarmeli,https://www.tiktok.com/@djgayacarmeli,,https://open.spotify.com/artist/26TQQmi8eMbK9w3Mo7yL6E?si=vMntEvBPSfmzZt4gfJxIvQ&nd=1&dlsi=4ffe2730f8de4b24,,https://soundcloud.com/gaya-carmeli,,,141,,
131,t,f,2025-11-07 10:41:30.065+00,2025-11-07 10:41:30.065+00,,,https://www.instagram.com/nozz.madboy/#,https://www.youtube.com/@nozz.madboy,https://www.tiktok.com/@nozz.madboy69,,https://open.spotify.com/artist/2lWGjFz3bAyOSc7zefCprB,https://music.apple.com/sa/artist/nozz/295650908,https://soundcloud.com/nozz-madboy,,,142,,
132,t,f,2025-11-07 12:16:23.538+00,2025-11-07 12:16:23.539+00,,,https://www.instagram.com/within.techno/,,https://www.tiktok.com/@within.techno,,,,https://soundcloud.com/within-techno,,,143,,
133,t,f,2025-11-07 12:57:44.49+00,2025-11-07 12:57:44.49+00,,, https://www.instagram.com/inkkiss_music/?igsh=amRvYW9jYmlvZWlh# ,,,,,,https://soundcloud.com/inkkiss_music,,,144,,
134,t,f,2025-11-07 13:22:28.713+00,2025-11-07 13:22:28.713+00,,,https://instagram.com/tombo_it,,,,https://open.spotify.com/artist/6tYve3GjyrWQXZbFe66rwh,,https://soundcloud.com/tombo-it,,,145,,
135,t,f,2025-11-07 13:38:28.976+00,2025-11-07 13:38:28.976+00,,,https://www.instagram.com/akavtec/#,,,,https://open.spotify.com/artist/2MKTTnJWCDU0Wwu88Dy3yt?si=SW7QBxqXSHGMmZJ85iO44w&fbclid=PAZXh0bgNhZW0CMTEAc3J0YwZhcHBfaWQMMjU2MjgxMDQwNTU4AAGnmXj5jKVUxA5OWmQ2yY5VK2OA08T0iCqzN6JHrYmXtzOwsDaGWi5Fe8NwxoI_aem_SJGN_MsjnriwZeKB63C-7Q&nd=1&dlsi=0a623264e4e543c2,,https://soundcloud.com/akavtec,,,146,,
136,t,f,2025-11-07 14:18:41.247+00,2025-11-07 14:18:41.247+00,,,https://www.instagram.com/carlhazemusic,https://www.youtube.com/@carlhaze,https://www.tiktok.com/@carlhazemusic,,https://open.spotify.com/artist/2Qsk0Bll4sodXtgctYRYzB,,https://soundcloud.com/carlhazemusic,,,147,,
137,t,f,2025-11-07 17:13:41.442+00,2025-11-07 17:13:41.442+00,,https://www.facebook.com/p/Energy-Events-Amsterdam-61566937460810/,https://www.instagram.com/energyeventsamsterdam/,,,,,,,,,,98,
138,t,f,2025-11-08 15:24:42.438+00,2025-11-08 15:24:42.438+00,,,https://www.instagram.com/or_v_ex,,,,,,,,,,99,
139,t,f,2025-11-08 15:55:44.151+00,2025-11-08 15:55:44.151+00,,https://www.facebook.com/djchrisdrifter,https://www.instagram.com/chrisdrifter/,https://www.youtube.com/@ChrisDrifter,https://www.tiktok.com/@djchrisdrifter,,https://open.spotify.com/artist/5TOxJIPaCbHFQ7JKt4vJ4D,,https://soundcloud.com/chrisdrifter,,,148,,
140,t,f,2025-11-10 08:42:12.392+00,2025-11-10 08:42:12.392+00,,https://www.facebook.com/DjKrzOfficial,https://www.instagram.com/officialdjkrz/?hl=en,https://www.youtube.com/@djkrzofficial1922,,,https://open.spotify.com/artist/2Xa8PfYBGEMoeQj39wXahJ,https://music.apple.com/za/artist/dj-krz-013/1829453772,https://soundcloud.com/DJKR_Z,,,150,,
146,t,f,2025-11-10 12:46:37.36+00,2025-11-10 12:46:37.36+00,,https://www.facebook.com/Dj.luca.belluco/,https://www.instagram.com/djlucabelluco,https://www.youtube.com/channel/UCJDmP0cZRREEDL707f9leuA,,,https://open.spotify.com/artist/0JuOTmY9eLxx4iZ0RMS5Yw,,https://soundcloud.com/lucabelluco,,,151,,
147,t,f,2025-11-10 15:40:56.811+00,2025-11-10 15:40:56.811+00,,https://www.facebook.com/eddie.dynes,https://www.instagram.com/montvernonmusic/,,,https://uk.linkedin.com/in/eddiedynescissp,https://open.spotify.com/artist/1groUtEe6F4Re1dYUnVaSm,https://music.apple.com/gb/album/laguna-beach-single/1786854824,https://soundcloud.com/montvernon,,,153,,
148,t,f,2025-11-10 16:28:52.207+00,2025-11-10 16:28:52.207+00,,,https://instagram.com/gustavoadademusic,,https://www.tiktok.com/@gustavoadademusic,,https://open.spotify.com/artist/2BoEvmJxGcp4rmJsWLOinw,,https://on.soundcloud.com/9fQYb6nYYHnp3adcER,,,154,,
149,t,f,2025-11-10 17:16:12.133+00,2025-11-10 17:16:12.133+00,,https://www.facebook.com/TLFEVENTS/,https://www.instagram.com/t.l.f_abdn/,,https://www.tiktok.com/@tlf.aberdeen,,,,,,,,100,
150,t,f,2025-11-10 19:06:37.016+00,2025-11-10 19:06:37.016+00,,https://www.facebook.com/Rudosa,https://www.instagram.com/rudosamusic/,,https://www.tiktok.com/@rudosamusic,,https://open.spotify.com/artist/1a4cEeeD2n2cR5qA7ARsDZ,,https://soundcloud.com/rudosamusic,,,155,,
152,t,f,2025-11-13 10:43:47.551+00,2025-11-13 10:43:47.551+00,,,https://www.instagram.com/oxenkracher/,,,,,,https://soundcloud.com/daniel-855948660?ref=clipboard&p=i&c=1&si=974F777CACA84D9F9F23BE79BE4D67CE&utm_source=clipboard&utm_medium=text&utm_campaign=social_sharing,,,157,,
153,t,f,2025-11-13 11:35:16.211+00,2025-11-13 11:35:16.211+00,,,https://www.instagram.com/copter.techno/,,,,,,,,,158,,
154,t,f,2025-11-13 12:07:24.859+00,2025-11-13 12:07:24.859+00,,,https://www.instagram.com/koshmartechno/,,,,,,https://soundcloud.com/user-389791718,,,159,,
155,t,f,2025-11-13 12:32:35.453+00,2025-11-13 12:32:35.453+00,,,https://www.instagram.com/alchemic.wav,https://www.youtube.com/@alchemic._wav,,,,,https://soundcloud.com/alchemicc,,,160,,
157,t,f,2025-11-18 12:04:59.009+00,2025-11-18 12:04:59.009+00,,,https://www.instagram.com/khalid44kurdi/,,,,https://open.spotify.com/user/31epthchy3i4gvhpnc6wgmkmvpxi?si=7a4b64b29d2046bc,,https://on.soundcloud.com/O7u7d29rg2jx7SoXLF,,,162,,
158,t,f,2025-11-18 12:54:23.752+00,2025-11-18 12:54:23.752+00,,,https://www.instagram.com/trinity.alchemis7/,,,,https://open.spotify.com/artist/3CwSdc6avsZBApMkKjQE6D?si=gJWv-QvXQ6eYp0Y2e822XQ,,https://soundcloud.com/trinity_alchemist9?utm_source=clipboard&utm_medium=text&utm_campaign=social_sharing,,,161,,
159,t,f,2025-11-18 15:11:42.627+00,2025-11-18 15:11:42.627+00,,https://www.facebook.com/PinkPandaDjs/,https://www.instagram.com/pinkpandadjs/,https://www.youtube.com/c/PinkPandaMusic,,,https://open.spotify.com/artist/4DBNGKCWVHaxuDNBAgTiJH?si=1H8oQ9MBRU202O9mJj-dOg,,https://soundcloud.com/pinkpandadj,,,166,,
160,t,f,2025-11-18 17:43:16.269+00,2025-11-18 17:43:16.269+00,,https://www.facebook.com/lockdownaus,https://www.instagram.com/lockdownmusic_/,https://www.youtube.com/channel/UCzHq1AGbEWIhEsiQd1cUe1A,https://www.tiktok.com/@lockdownmusic_,,https://open.spotify.com/artist/11ESC6KI0jpdML0CijeROt,,https://soundcloud.com/lockdown-aus,,,167,,
161,t,f,2025-11-18 18:28:03.565+00,2025-11-18 18:28:03.565+00,,,https://www.instagram.com/annaviresha/,https://www.youtube.com/@vireshamusic,,,https://open.spotify.com/artist/1q6IFdqid7pJDLUN4VDpt7?si=P0VKzW7qQ1ueKh5QPx8-XQ,,https://soundcloud.com/anna-viresha-malm?utm_source=clipboard&utm_medium=text&utm_campaign=social_sharing,,,168,,
162,t,f,2025-11-24 11:13:47.115+00,2025-11-24 11:13:47.115+00,,,https://www.instagram.com/koempelcollective,https://www.youtube.com/@KOEMPELCOLLECTIVE,,,,,,,,,101,
163,t,f,2025-11-25 08:41:55.68+00,2025-11-25 08:41:55.68+00,,,https://instagram.com/exist.netherlands,,,,,,,,,,104,
164,t,f,2025-11-25 09:01:11.759+00,2025-11-25 09:01:11.759+00,,,https://www.instagram.com/tenetagency/,,,,,,,,,,105,
165,t,f,2025-12-01 11:58:50.142+00,2025-12-01 11:58:50.142+00,,,https://www.instagram.com/mieso.dj/,,https://www.tiktok.com/@mieso.dj,,https://open.spotify.com/artist/1r9SdLdy88anqx1qSouJtJ?si=Wtu112BZSj6Wv9S6Hmc63w,,https://soundcloud.com/miesodj,,,169,,
166,t,f,2025-12-02 12:44:06.495+00,2025-12-02 12:44:06.495+00,,,https://www.instagram.com/phyxx_music/,,,,https://open.spotify.com/artist/5hAKZZ24jfm1sdbrx0FkEa?si=CaACFHnMQryOgILBN9rcvA,,https://soundcloud.com/phyxx_music,,,170,,
167,t,f,2025-12-02 13:16:13.117+00,2025-12-02 13:16:13.117+00,,,https://www.instagram.com/lucuzmusic,,,,https://open.spotify.com/artist/0bSRYVjUVvhSKirlKKhyLC,,https://soundcloud.com/lukasw93,,,171,,
168,t,f,2025-12-02 13:36:21.464+00,2025-12-02 13:36:21.464+00,,,https://www.instagram.com/pezar.dji/,https://www.youtube.com/@pezar_official,https://www.tiktok.com/@pezar.dji,,https://open.spotify.com/artist/53iNLzjjAFQ1D3FY07xgaM?si=j1rHw3f-Rt6cEDv4Hf3Mqg,,https://soundcloud.com/pezar,,,172,,
169,t,f,2025-12-04 09:08:29.519+00,2025-12-04 09:08:29.52+00,,,https://www.instagram.com/djasturia/#,https://www.youtube.com/@djasturia,https://www.tiktok.com/@djasturia,,https://open.spotify.com/artist/1wOwz9hlyBrGPRYDSR2h9a?si=M-fKXqSyQWuDA2F4bYXyig,,https://soundcloud.com/djasturia,,,173,,
170,t,f,2025-12-04 10:57:08.013+00,2025-12-04 10:57:08.013+00,,,https://www.instagram.com/bvnnii_verse.neo/?igsh=cmtzbjMweG1xdzFt#,,https://www.tiktok.com/@bvnnii_verse.neo?_r=1&_t=ZG-91wEjGMVemv,,,,https://on.soundcloud.com/Ev79JzdviQBmnYiBzX,,,174,,
171,t,f,2025-12-04 12:12:04.091+00,2025-12-04 12:12:04.091+00,,https://www.facebook.com/nonameleftmusic/,https://www.instagram.com/nonameleft_music/#,https://www.youtube.com/@nonameleftofficial,,,https://open.spotify.com/artist/7dOFFyV8UVZqmapj8yUDRT?si=9IBt1SRHQAigUeRsJ5HCjg,,https://soundcloud.com/nonameleftmusic,,,175,,
172,t,f,2025-12-08 11:59:29.174+00,2025-12-08 11:59:29.174+00,,https://soundcloud.com/elpadremusic,https://www.instagram.com/elpadre.music,https://www.youtube.com/@ELPADREOFFICIAL,https://www.tiktok.com/@elpadremusic,https://www.linkedin.com/in/el-padre,https://open.spotify.com/artist/3dxtssQWYQMmA4lI5jrqK7?si=cOMSVLAUTTSiQV-zvqadnA,https://music.apple.com/gb/artist/el-padre/1689213845,https://soundcloud.com/elpadremusic,,,178,,
173,t,f,2025-12-08 17:23:43.172+00,2025-12-08 17:23:43.172+00,,,https://instagram.com/ilsedorine,https://www.youtube.com/@ilsedorinemusic,https://www.tiktok.com/@ilsedorine,,,,https://soundcloud.com/ilsedorine,,,179,,
174,t,f,2025-12-08 18:26:01.7+00,2025-12-08 18:26:01.7+00,,,https://www.instagram.com/unvoid_techno/,https://www.youtube.com/@Unvoid_techno,https://www.tiktok.com/@unvoid_techno?_t=ZN-8vrKtI8mk7i&_r=1,,,,,,,,109,
175,t,f,2025-12-08 18:41:40.51+00,2025-12-08 18:41:40.51+00,,,https://www.instagram.com/hallitzeko?igsh=cGVuaDB0OTBwZXBt&utm_source=qr,,,,,,https://soundcloud.com/halit-zeko-98561497?utm_source=clipboard&utm_medium=text&utm_campaign=social_sharing,,,180,,
176,t,f,2025-12-08 20:12:21.647+00,2025-12-08 20:12:21.647+00,,https://www.facebook.com/skollaris,https://www.instagram.com/skollaris,,,,https://open.spotify.com/artist/2k2CtygXLBTZBqAbERnhec,,https://www.instagram.com/skollaris,,,181,,
177,t,f,2025-12-08 20:12:21.882+00,2025-12-08 20:12:21.882+00,,,,,,,,,,,,181,,
178,t,f,2025-12-10 19:35:49.401+00,2025-12-10 19:35:49.401+00,,,https://www.instagram.com/thoder.music/,,https://www.tiktok.com/@thoderprod,,https://open.spotify.com/artist/07DKKerPYzMVxSrFJ1nRvF?si=KBIr59W4Qi-wnBKpxXlIAQ,,https://on.soundcloud.com/tGD7KMsDSgA55pdui2,,,182,,
180,t,f,2026-01-29 17:05:18.924+00,2026-01-29 17:05:18.924+00,,,https://www.instagram.com/m0_tek/,,,,https://open.spotify.com/artist/7phy14ahogwoSNTHVLeMN7?si=8rZ_SaHmQsGS2DDS6g0dTg,,https://on.soundcloud.com/hynJmwxVjVROS7ZYEB,,,184,,
181,t,f,2026-01-29 23:37:27.805+00,2026-01-29 23:37:27.805+00,,,,,,,,,,,,185,,
182,t,f,2026-01-29 23:37:27.853+00,2026-01-29 23:37:27.853+00,,,,,,,,,,,,185,,
183,t,f,2026-01-30 09:22:18.494+00,2026-01-30 09:22:18.494+00,,,https://www.instagram.com/duyster.events/,,,,,,,,,,113,
184,t,f,2026-01-30 10:00:37.412+00,2026-01-30 10:00:37.412+00,,,https://www.instagram.com/20khz.spectra/,,,,,,,,,,114,
185,t,f,2026-01-30 10:55:12.357+00,2026-01-30 10:55:12.357+00,,https://www.facebook.com/share/1CCbrvHDNf/?mibextid=LQQJ4d,https://www.instagram.com/ghoul_za?igsh=dnBuaDkyZmM5Y3o2&utm_source=qr,,,https://za.linkedin.com/in/jay-dee-verheem-200952142,https://open.spotify.com/artist/1PCo4OSRCiClmjmir02vA5?si=FwEhRaFcSZWX8wK3NqzhZA,,https://on.soundcloud.com/I8zn0m44wZsFw18v6I,,,186,,
186,t,f,2026-01-30 11:37:01.593+00,2026-01-30 11:37:01.593+00,,,https://www.instagram.com/20khz.rave_resonant/,,,,,,,,,,115,
187,t,f,2026-01-30 11:50:52.819+00,2026-01-30 11:50:52.819+00,,,https://www.instagram.com/20khz.events,,,,,,,,,,116,
188,t,f,2026-01-30 13:35:19.167+00,2026-01-30 13:35:19.167+00,,https://www.facebook.com/davidphoenixdj,https://www.instagram.com/davidphoenixdj/,https://www.youtube.com/davidphoenixdj,,,https://open.spotify.com/artist/74v6lfMqZ9iyjhuxbfiI0W,https://music.apple.com/gb/artist/david-phoenix/1647592743,https://soundcloud.com/davidphoenixdj,,,187,,
189,t,f,2026-01-30 15:02:17.137+00,2026-01-30 15:02:17.137+00,,,https://www.instagram.com/jackdaviddj/,,,,https://open.spotify.com/artist/4cX1pqH0S3g3jvN8wiYPjG?si=53KPb0SgSgGw87s37mdkBA,,https://soundcloud.com/jackdavid-music,,,188,,
190,t,f,2026-01-30 15:14:14.52+00,2026-01-30 15:14:14.52+00,,https://www.facebook.com/SoficDj/,https://www.instagram.com/sofiacristo_cristo/,,,,https://open.spotify.com/artist/1BVrVRzHPqy06rF8fA6MSU?si=u8dEXVElQoe8RvTp73ENXA,,https://soundcloud.com/sofia-cristo-1,,,189,,
191,t,f,2026-01-30 15:42:58.553+00,2026-01-30 15:42:58.553+00,,https://www.facebook.com/alessandro.ginevri.50,https://www.instagram.com/ginevrialessandro_,https://www.youtube.com/@alessandroginevri,https://www.tiktok.com/@alessandro.ginevri,,,https://music.apple.com/it/artist/alessandro-ginevri/461628729,https://soundcloud.com/ginevri-alessandro,,,190,,
192,t,f,2026-01-30 18:28:42.956+00,2026-01-30 18:28:42.956+00,,,https://www.instagram.com/tolr666/,https://www.youtube.com/watch?v=ZGgqRrNYvEw,,,https://open.spotify.com/artist/18wM6OV0TX4uKKh82rAJwL?si=pwh3uckPT-OAWoflaw7MAA,,https://www.instagram.com/tolr666,,,194,,
194,t,f,2026-01-30 21:57:27.058+00,2026-01-30 21:57:27.058+00,,,,,,,,,,,,196,,
195,t,f,2026-01-30 22:50:36.466+00,2026-01-30 22:50:36.466+00,,,,,,,,,,,,197,,
197,t,f,2026-01-31 17:14:36.934+00,2026-01-31 17:14:36.934+00,,,https://www.instagram.com/liam._.black?igsh=Zjd3amg1MG4xcTJl,,,,,,https://on.soundcloud.com/O4X3JcdrmRDsRbDKZ6,,,202,,
193,t,f,2026-01-30 19:24:48.981+00,2026-06-03 14:11:31.178449+00,,,https://www.instagram.com/opium.drew/,,,,,,https://soundcloud.com/drewdebeer?utm_medium=api&utm_campaign=social_sharing&utm_source=id_331472,,,195,,
198,t,f,2026-02-02 07:38:46.247+00,2026-02-02 07:38:46.247+00,,https://www.facebook.com/profile.php?id=100089240176681,https://www.instagram.com/katehexofficial/,,,,https://open.spotify.com/artist/5jeRWqe3aZfPrtbEQbo0KU?si=z4PgGMpNR5WnCF8EiLZRIA,,https://soundcloud.com/kate-hex-official,,,205,,
199,t,f,2026-02-02 08:20:00.442+00,2026-02-02 08:20:00.442+00,,https://www.facebook.com/DanielWeirdo/,https://www.instagram.com/danielweirdo_hun/,https://www.youtube.com/@danielnike3330,,,https://open.spotify.com/artist/54MlE2F6BeMxpCaaixYNDG,,https://soundcloud.com/daniel-weirdo-hun,,,206,,
200,t,f,2026-02-02 09:30:21.203+00,2026-02-02 09:30:21.203+00,,,https://www.instagram.com/_blackout________?igsh=ZmZ2d2Y5anZvZTJn&utm_source=qr,https://youtu.be/0q3m9B6jPFY?si=jsZye3tAPNGBdqG5,,,,,https://soundcloud.com/insane-industry/sets/blackout-acid-storm-ep?ref=clipboard&p=i&c=0&si=12100C9D1FD14135A988720D84603DFC&utm_source=clipboard&utm_medium=text&utm_campaign=social_sharing,,,207,,
201,t,f,2026-02-02 09:43:05.911+00,2026-02-02 09:43:05.911+00,,,https://www.instagram.com/floortje.deroo,,,,,,https://soundcloud.com/user-773207669?ref=clipboard&p=i&c=1&si=2CB17F9AC9DB4F1D8E2CD099F31B7E2F&utm_source=clipboard&utm_medium=text&utm_campaign=social_sharing,,,208,,
202,t,f,2026-02-03 10:37:21.908+00,2026-02-03 10:37:21.908+00,,,https://www.instagram.com/doubledrop.ofc/,https://www.youtube.com/@doubledropofc,https://www.tiktok.com/@doubledrop.ofc,,https://open.spotify.com/intl-it/artist/1KiSpGrzs4IkIUb83atLVr?si=nmH7bfJqT3qN8R4EugBY6Q&nd=1&dlsi=4ce42661f1014012,https://music.apple.com/us/artist/double-drop/322585736,https://soundcloud.com/double-d-d,,,210,,
204,t,f,2026-02-03 18:14:41.419+00,2026-02-03 18:14:41.42+00,,,,,,,,,,,,213,,
205,t,f,2026-02-03 19:22:52.066+00,2026-02-03 19:22:52.066+00,,,,,,,,,,,,,,40
206,t,f,2026-02-05 12:23:07.482+00,2026-02-05 12:23:07.482+00,,,,,,,https://open.spotify.com/artist/2nY30V4x6sLkYtaK3UPPPF?si=gEDgp1l7Rh6zPFsJHcwgvg,,https://soundcloud.com/jp_hernandezs,,,209,,
217,t,f,2026-04-15 18:06:22.033+00,2026-04-15 18:06:22.033+00,,https://www.facebook.com/4YU.music,https://www.instagram.com/4yu.music/,https://www.youtube.com/channel/UC9kzW6J3ewuufYw0BflTm7w,https://www.tiktok.com/@4yu.music,,https://open.spotify.com/artist/366ULfucYFkZCchhRNPiuJ,,https://soundcloud.com/4yu_music,,,237,,
225,t,f,2026-05-01 18:40:17.69+00,2026-05-01 18:40:17.69+00,,,,,,,,,https://on.soundcloud.com/MCsgwrGhfNUjsNkXka,,,242,,
226,t,f,2026-05-06 12:10:51.211+00,2026-05-06 12:10:51.211+00,,,,,,,,,,,,243,,
212,t,f,2026-04-02 15:13:36.689+00,2026-04-02 15:13:36.689+00,,,,,,,,,,,,232,,
218,t,f,2026-04-16 14:56:17.756+00,2026-04-16 14:56:17.756+00,,,https://www.instagram.com/axellednb?igsh=MWlnOTIzNDBnMGh6YQ%3D%3D&utm_source=qr,,,,,,,,,238,,
213,t,f,2026-04-02 15:52:19.137+00,2026-04-02 15:52:19.137+00,,,https://www.instagram.com/breakthrough.events,,,,,,,,,,122,
219,t,f,2026-04-16 20:46:36.184+00,2026-04-16 20:46:36.184+00,,,https://www.instagram.com/dannx.dj?igsh=MWRpZjF1MThpajR6aA%3D%3D&utm_source=qr,,https://www.tiktok.com/@dannx.dj?_r=1&_t=ZG-95b0wEc7T7J,,,,https://www.soundcloud.com/user_dibi,,,239,,
220,t,f,2026-04-18 23:31:03.94+00,2026-04-18 23:31:03.94+00,,,,,,,,,,,,214,,
214,t,f,2026-04-03 13:52:01.201+00,2026-04-03 13:52:01.201+00,,,https://www.instagram.com/fling_music?igsh=MXVzaWxsdnE0dHQ1MA%3D%3D&utm_source=qr,,https://www.tiktok.com/@fling_music?_r=1&_t=ZG-95EQxnCDuYD,,,,Https://soundcloud.com/FLING,,,233,,
232,t,f,2026-05-14 12:13:26.49+00,2026-05-19 13:29:42.901253+00,,,,,,,https://open.spotify.com/artist/4ttAYXMWLTT5u1spbNXsdR?si=KYgRPdKsTP6bLYJn9Tg0Lg,,https://soundcloud.com/hone-shalom?utm_medium=api&utm_campaign=social_sharing&utm_source=id_331472,,,250,,
222,t,f,2026-04-26 08:50:36.283+00,2026-04-26 08:50:36.283+00,,,https://www.instagram.com/sonapticmusic?igsh=MXJ3aXB6dzY0bGg4aw%3D%3D&utm_source=qr,,,,,,,,,,126,
233,t,f,2026-05-18 20:10:11.628+00,2026-05-18 20:16:08.392776+00,,,https://www.instagram.com/karmerr.za?igsh=N3BjYzRrMm90cmk4&utm_source=qr,https://youtu.be/MzqWvt_MZzE?si=LGJINu92lFYqVQoH,,,,https://music.apple.com/za/artist/karmerr/1829393269,https://soundcloud.com/user-496176064?utm_medium=api&utm_campaign=social_sharing&utm_source=id_331472,,,252,,
179,t,f,2025-12-10 20:16:41.416+00,2025-12-10 20:16:41.416+00,,,https://www.instagram.com/tarahandbradperrs,https://www.youtube.com/@TARAHANDBRADPERRS,https://www.tiktok.com/@tarahandbradperrs,,https://open.spotify.com/intl-fr/artist/2uQpx5xHaA2p9aAdwlusE6?si=OGputt1-RFOkhtWGOG_tww,,https://soundcloud.com/tarahperrs,,,183,,
228,t,f,2026-05-07 19:21:26.194+00,2026-05-07 19:21:26.194+00,,,,,,,,,,,,,128,
215,t,f,2026-04-08 19:10:38.561+00,2026-04-08 19:10:38.561+00,,,https://www.instagram.com/dewisdigitals?igsh=bDFlcWUzdTFhemE2,,https://www.tiktok.com/@dewipaper?_r=1&_t=ZG-95NJ20eq50i,https://www.linkedin.com/in/dewihartevelt?utm_source=share_via&utm_content=profile&utm_medium=member_ios,,,,,,,,43
221,t,f,2026-04-23 06:55:52.748+00,2026-04-23 06:55:52.748+00,,,,https://www.youtube.com/@LeCanarie,,www.linkedin.com/in/steven-vancamp-a73755232,,,,,,,,45
203,t,f,2026-02-03 15:12:08.619+00,2026-06-02 16:09:10.993114+00,,,https://www.instagram.com/dj.taco.music/,,https://www.tiktok.com/@dj.taco.music?is_from_webapp=1&sender_device=pc,,https://open.spotify.com/user/androidandrobots?si=O5UxQiDrTPC1MMQHDOpIIw,,https://soundcloud.com/dj-taco-music?utm_medium=api&utm_campaign=social_sharing&utm_source=id_331472,,,191,,
216,t,f,2026-04-11 21:40:30.683+00,2026-04-11 21:40:30.683+00,,,,,,,,,,,,236,,
229,t,f,2026-05-08 15:31:05.48+00,2026-05-08 15:31:05.48+00,,http://www.facebook.com/highteamusic/,https://www.instagram.com/highteamusic/,https://www.youtube.com/channel/UCx5ATEoCZHd0ljo35VE_REQ,https://www.tiktok.com/@highteamusic,,,,,,,,129,
223,t,f,2026-04-29 18:43:32.219+00,2026-04-29 18:43:32.219+00,,,https://www.instagram.com/p/C7rFPv4MsZP/,https://youtube.com/@christianscamelo?si=dP9ZlNMxMyUWDWNh,,,,,https://soundcloud.com/christianscamelo?ref=thirdParty&p=i&c=1&si=A96907B74A9C41C8BBCB3D2A2F73A332&utm_source=thirdParty&utm_medium=text&utm_campaign=social_sharing,,,240,,
102,t,f,2025-10-17 13:16:29.391+00,2025-10-17 13:16:29.391+00,,,https://www.instagram.com/undrgrnd_amsterdam?igsh=MmFrdTY1dzlveWs0,,,,,,,,,,70,
120,t,f,2025-11-03 12:38:11.866+00,2026-05-26 12:27:32.800176+00,,https://www.facebook.com/ErikScuka2000/,https://www.instagram.com/erikscukamusic,https://www.youtube.com/@erikscukamusic,https://www.tiktok.com/@erikscukamusic,,https://open.spotify.com/artist/7Mbw1LfbCyNDevVAIQhw8U?si=A1_JOaVzR0y3BNcZoEBmIA,https://music.apple.com/it/artist/erik-scuka/1896624647?l=en,https://soundcloud.com/erikscuka?utm_medium=api&utm_campaign=social_sharing&utm_source=id_331472,,,132,,
224,t,f,2026-04-30 12:31:25.759+00,2026-04-30 12:31:25.759+00,,https://Facebook.com/djbrandonplank,,,,,,,https://soundcloud.com/djbrandonplank,,,241,,
227,t,f,2026-05-07 13:52:05.639+00,2026-05-07 13:52:05.639+00,,,,,,,,,,,,244,,
230,t,f,2026-05-09 07:34:02.973+00,2026-05-26 07:27:01.117352+00,,,https://www.instagram.com/musicbykeleo/,https://www.youtube.com/channel/UCUGOvKtfDP_Vp6bis8lNeHQ,,https://www.linkedin.com/in/leonardslabbinck,https://open.spotify.com/artist/62Cm3bVfPorvleo9WxIy5D?si=X2D-K72OTHOi0C-4Anz0Gg,https://music.apple.com/us/artist/keleo/1789548527,https://soundcloud.com/musicbykeleo?utm_medium=api&utm_campaign=social_sharing&utm_source=id_331472,,,247,,
231,t,f,2026-05-12 07:34:44.931+00,2026-05-21 11:35:51.677941+00,,https://www.facebook.com/NickGrater.Teknotribe,https://www.instagram.com/nick_grater,,,,https://open.spotify.com/artist/0uwsfTnflfKUlLErICsEpl?si=Mi3awEljSaqT8gYUkimekA,https://music.apple.com/us/artist/nick-grater/281698016,https://soundcloud.com/nick-grater?utm_medium=api&utm_campaign=social_sharing&utm_source=id_331472,,,248,,
234,t,f,2026-05-20 06:22:48.391+00,2026-05-20 06:22:48.391+00,,,https://www.instagram.com/thera.pri?igsh=b3p0aTdxd2xyOGE=,,,,,,,,,253,,
196,t,f,2026-01-31 15:16:24.155+00,2026-05-21 09:56:58.181332+00,,https://www.facebook.com/slavapresnyakov,https://www.instagram.com/slavapresnyakov,https://www.youtube.com/slavamusic,,https://www.linkedin.com/in/presnyakovproductions?utm_source=share&utm_campaign=share_via&utm_content=profile&utm_medium=android_app,https://open.spotify.com/artist/4MOOaViCRpgQPfHOTCaUlk?si=7f-xW5CPR3Wf77D9WFgfxw,,https://soundcloud.com/slavapresnyakov?utm_medium=api&utm_campaign=social_sharing&utm_source=id_331472,,,201,,
235,t,f,2026-05-21 20:13:59.659+00,2026-05-21 20:13:59.659+00,,https://www.facebook.com/Disturbia.dtb,https://www.instagram.com/disturbia.events,,,,,,,,,,131,
236,t,f,2026-05-23 05:46:17.595+00,2026-05-23 05:46:17.595+00,,https://www.facebook.com/TankGirl.Teknotribe,https://www.instagram.com/tank_girl_sa?igsh=OGwxZncyOHh2azhh,,,"",,,,,,254,,
237,t,f,2026-05-26 18:35:47.986+00,2026-05-26 18:38:41.377093+00,,https://www.facebook.com/kaputski1,https://www.instagram.com/djkaputski/,https://www.youtube.com/@djkaputski,https://www.tiktok.com/@djkaputski?lang=nl-NL,https://www.linkedin.com/in/sebastiaanjonkman/,https://open.spotify.com/artist/1UFeNRyTGAEUKeFfmjxEXf,https://music.apple.com/nl/artist/dj-kaputski/1799942359,https://soundcloud.com/djsebastiaan-jonkman?utm_medium=api&utm_campaign=social_sharing&utm_source=id_331472,,,255,,
238,t,f,2026-05-31 15:33:50.709+00,2026-05-31 15:34:04.888052+00,,,,,,,,,https://soundcloud.com/fallenangel555?utm_medium=api&utm_campaign=social_sharing&utm_source=id_331472,,,256,,
239,t,f,2026-06-02 14:57:15.355+00,2026-06-02 14:57:27.123876+00,,,https://www.instagram.com/bunker.official___/,,,,https://open.spotify.com/artist/3Ak4Weuk8uhYAXbTe5RNy5?si=8fROlxfnScyR8kudP0xg6g,,https://soundcloud.com/mk-beatz-177421836?utm_medium=api&utm_campaign=social_sharing&utm_source=id_331472,,,257,,
240,t,f,2026-06-03 14:07:52.78+00,2026-06-03 14:19:56.583303+00,,,,,,,,,https://soundcloud.com/user-417582265?utm_medium=api&utm_campaign=social_sharing&utm_source=id_331472,,,258,,
241,t,f,2026-06-04 16:49:56.432+00,2026-06-04 16:50:47.476635+00,,https://www.facebook.com/profile.php?id=61579405229674,https://www.instagram.com/frogr.mp3?igsh=MWJ1anVqb2R6eGVjOA%3D%3D&utm_source=qr,https://youtube.com/@frogr.mp3?si=RAoGWPbcX8ZEM-Qf,https://www.tiktok.com/@frogr.mp3?_r=1&_t=ZG-96w10f4qqYK,,,,https://soundcloud.com/user-555399327?utm_medium=api&utm_campaign=social_sharing&utm_source=id_331472,,,259,,
