Id,IsActive,IsDeleted,CreatedOn,LastModifiedOn,DeletedOn,OrganizerName,City,Country,Name,Surname,Email,ContactNumber,UserId,TrustapBuyerId
44,f,f,2025-11-10 08:22:45.078181+00,2025-11-10 08:22:45.078181+00,,Gigevate Archive,Amsterdam,348,Nicole,de Beer,gigevate@gmail.com,0685618553,83b597b1-c0d4-4134-8fcc-d29ecfbc74b5,1-31bd143a-ed81-4868-9c83-e5fa22beb357
51,f,f,2025-05-28 11:40:06.862928+00,2025-05-28 11:40:06.863025+00,,ADE,Amsterdam,348,Nicole,de Beer,bofopar795@ofular.com,0615070281,6a6cb3d3-44f7-4480-8494-27d60310cd28,1-57eba36a-7e56-4543-9078-4e1b050cb708
52,f,f,2025-10-30 10:22:54.835242+00,2025-10-30 10:22:54.835243+00,,RADION,Amsterdam,348,Nicole,de Beer,v1o8hq+21gont8o3zh3k@sharklasers.com,0615070281,8f786acf-b3fa-4997-8476-b9d06cf9fe80,1-6e6bff15-0738-4b08-8193-aab6c0ad5050
53,f,f,2025-10-30 14:45:14.519496+00,2025-10-30 14:45:14.519496+00,,LOFI,Amsterdam,348,Lofi,Club,v1oay2+75qws0kh5ak8g@sharklasers.com,,d9948407-a0f7-411b-8248-acd6c897d42b,1-343f833d-ece4-41ea-abe9-37760889c482
54,f,f,2025-05-29 16:09:36.970525+00,2025-05-29 16:09:36.970526+00,,Shelter,Amsterdam,348,Shelter,Amsterdam,v1ohav+3kju5equ1teps@sharklasers.com,,c7b8eb6a-991a-45d9-9227-27e585c0a27e,1-0c62fa56-b398-49a4-b51c-276c391f2260
55,f,f,2025-10-30 14:46:19.995744+00,2025-10-30 14:46:19.995744+00,,Verknipt,Amsterdam,348,Mer,Hajbarati,v1os6x+81rf9zmb1y9e0@sharklasers.com,,508acb6e-5fa0-4817-ab93-b0f08abecbcf,1-d54b2143-bb76-429d-be57-d1c32a85948f
56,f,f,2025-10-30 14:47:26.118266+00,2025-10-30 14:47:26.118266+00,,Awakenings,Amsterdam,348,Rocco,Veenboer,v1p1v0+e1i4kjxsfgonc@sharklasers.com,,c26d0b77-3b1d-4d60-bdaf-08159b0f9707,1-67ccfe25-9c2c-4140-aa3e-51f3af711787
57,f,f,2025-06-06 16:48:17.576516+00,2025-06-06 16:48:17.576517+00,,Amsterdam Dance Event,Amsterdam,348,Nicole,de Beer,ade@gmail.com,0123456789,9919d9bf-9be7-4d6a-a390-f1e17e02f9c9,1-7ff81030-eee8-43c0-b243-bab1e7cb0d01
59,f,f,2025-06-09 10:37:32.206853+00,2025-06-09 10:37:32.206858+00,,RooneyNasr,Beirut,366,Nicole,de Beer,rooney.organizer@gmail.com,0123456789,e5a682d0-a9b9-48c6-8658-0373aeede9df,1-8a8fdd18-a9be-47b8-85fd-883c5f04d6b7
60,f,f,2025-10-30 14:48:24.089846+00,2025-10-30 14:48:24.089846+00,,Warehouse Elementenstraat,Amsterdam,348,Juan,Sanchez,vrudbavjbihueukokl@nespj.com,0615070281,7867ce05-840f-496d-87c5-458ed8150240,1-98aa4574-f505-439c-b4e7-2b9c8b49e07c
61,f,f,2025-10-30 14:49:19.381299+00,2025-10-30 14:49:19.381299+00,,WORM,Rotterdam,348,Teun,de Booij,klyusmlggaxlxtcyrc@nesopf.com,,a021fdb4-53fc-48d1-bd2c-73fa854603a4,1-3be5ad1c-dabb-44ae-a2ac-6288984dd976
62,f,f,2025-10-30 14:50:11.017946+00,2025-10-30 14:50:11.017946+00,,Maassilo,Rotterdam,348,Maassilo,Maassilo,lrppddihxwotlbsmyt@nespj.com,+31 104762452,3091cba4-d178-45e5-81aa-cc4999f2e2d9,1-7a5f72f4-c81f-41c6-9e0e-c62a1d95788a
63,f,f,2025-10-30 14:51:04.857297+00,2025-10-30 14:51:04.857297+00,,Perron,Rotterdam,348,Perron,Perron,fpkasymzklfeitgnxc@nesopf.com,+31104136742 ,92d26004-f063-4dad-bb71-eeed2e973e8a,1-9d3c7cfc-0444-4c3a-90aa-132388460929
64,f,f,2025-10-30 14:52:20.016361+00,2025-10-30 14:52:20.016361+00,,Colorado Charlie,The Hague,348,Colorado,Charlie,ezuztbykdluqfdmsja@nespj.com,0627330449,71d6fc00-d27d-4161-ad59-18a17d22e0c7,1-5e8d6351-e164-45be-9b6b-8e69ac757c39
65,f,f,2025-10-30 14:51:44.896164+00,2025-10-30 14:51:44.896164+00,,PIP,Den Haag,348,PIP ,Den Haag,ybvjeuqculdledgbdb@nespf.com,,f3d2a873-f8ae-4236-abf8-4596b4ab30e6,1-c0b5b39b-33c5-4bda-97f4-6272713287f9
66,f,f,2025-06-12 08:25:30.647844+00,2025-06-12 08:25:30.647845+00,,The Enveloper,Berlin,328,Nicole,de Beer,enveloper.organizer@gmail.com,,66f396d8-7d33-4cad-901a-9f94a2b54693,1-3a69b95d-f1a0-4fb4-a039-44d77830d684
67,f,f,2025-06-13 12:41:41.802252+00,2025-06-13 12:41:41.802253+00,,YouSawLaurent,Amsterdam,348,Nicole,de Beer,gigevateadmin@gmail.com,,6189a386-6e92-4057-8dd8-c5d5c13bd5b6,1-1a1c6d8e-5b5e-4123-9be8-c3bf18ecf531
89,f,f,2025-10-30 21:37:04.954553+00,2025-10-30 21:37:04.954553+00,,Tillatec,Amsterdam,348,Tillatec,Tillatec,balomam485@dropeso.com,,cc3380a4-dc01-4674-b15b-7566c35d17a3,1-807d3e13-ce13-4215-87cc-ab6f8eea7d26
91,t,f,2025-10-31 09:12:12.497624+00,2025-10-31 09:12:12.497624+00,,The Loft (A'DAM Tower),Amsterdam,348,The Loft,The Loft,wiyib80825@dropeso.com,,b42f96d3-17ce-4b0f-b0fb-b8a8c87ff2dc,1-73ced95c-4813-43dc-b6d2-be66fcd40905
92,t,f,2025-10-31 09:39:56.811781+00,2025-10-31 09:39:56.811781+00,,Club John Doe,Amsterdam,348,Club John Doe,Club John Doe,vapodob845@dropeso.com,+31,cf062027-8868-4128-9407-80b7fa0f43e3,1-e3a2c7b8-5a53-4fd4-a26f-f33e9332053b
93,t,f,2025-10-31 09:59:50.238218+00,2025-10-31 09:59:50.238218+00,,Escape Club,Amsterdam,348,Escape Club,Escape Club,pixan37000@dropeso.com,,8ed1ae71-7be9-4243-b855-4ae5f715e3ee,1-cc6ed998-2d20-4e11-b97a-4e5b7ca64050
97,t,f,2025-11-04 08:24:43.139072+00,2025-11-04 08:24:43.139072+00,,Raving Charlie,Amsterdam,348,Raving,Charlie,ravingcharlieamsterdam@gmail.com,+31,1eb83c0f-29de-41a7-bee3-b6fbd347d8e1,1-01d70168-a5ea-4b25-83ae-0a2d4885e748
98,t,f,2025-11-07 17:11:40.145779+00,2025-11-07 17:11:40.145779+00,,EnergyEvents,Amsterdam,348,Robbie,Corcoran,energycollectiveamsterdam@gmail.com,+353 83 117 2314,35c5fbf8-bbc0-4748-81a3-6f970487f28f,1-889879e0-97a1-4d22-8204-8f183d271a02
99,t,f,2025-11-08 15:23:48.467293+00,2025-11-08 15:23:48.467293+00,,ORVEX,Berlin,328,ORVEX,ORVEX,info@orvexberlin.com,,a8790c98-0d89-4695-8b5e-e9617ec69329,1-f90152c8-e582-4656-ad64-1d2c927905fa
100,t,f,2025-11-10 17:15:04.387897+00,2025-11-10 17:15:04.387897+00,,T.L.F,Aberdeen,364,T.L.F,T.L.F,tlfevents08@gmail.com,1,9a9914ac-743d-4eb5-a3f9-d65f07ff216d,1-4bbdfc3c-a3e6-428e-be80-4f7903144b3a
101,t,f,2025-11-24 11:12:22.554175+00,2025-11-24 11:12:22.554175+00,,KOEMPEL Collective,Limburg,348,KOEMPEL,Collective,ishi@koempelcollective.nl,,b91914dc-6c9d-4b92-9fd7-ca0ecd7d28a0,1-f3283d51-c70c-4ecc-92bd-86d5bd4b900c
104,t,f,2025-11-25 08:38:44.628039+00,2025-11-25 08:38:44.628039+00,,EXIST,Utrecht,348,EXIST Netherlands,Netherlands,info@go-elite.nl,+31,628add35-2391-4f30-98c7-bd258a5eb315,1-8cd4aecd-b486-4047-892b-7740d1959b75
105,t,f,2025-11-25 08:59:10.192643+00,2025-11-25 08:59:10.192643+00,,TENET,Utrecht,348,TENET,TENET,bookings@tenetagency.nl,+31,3aa78fa4-c351-40b3-87e2-eeea8bafe831,1-a4dcfada-5bc7-436f-9153-1c64c30adf0b
109,t,f,2026-01-29 11:07:39.246888+00,2026-01-29 11:07:39.246888+00,,UNVOID,.,359,UNVOID,UNVOID,unvoid.techno@gmail.com,1,225569ac-905a-4a32-b570-df0e0c603f3a,1-451b52e8-b05c-499c-89a0-ee677d4ac9e4
113,t,f,2026-01-30 09:20:05.701515+00,2026-01-30 09:20:05.701515+00,,Duyster Event,Nijmegen,348,Rebecca-Elisa,de Jeer ,duyster.event@gmail.com,1,92859bab-e183-4594-9e1c-403cd27356d5,1-45e7cafb-45cf-434f-bdc6-3bab77c486d8
114,t,f,2026-01-30 09:58:45.476653+00,2026-01-30 09:58:45.476653+00,,20khz Spectra,Nijmegen,348,20khz,Spectra,20khz.spectra@gmail.com,+31,973a1758-8725-4e6e-96d4-11ee301e2279,1-1550b97b-053c-44a9-a6ee-b5141d5e0a99
115,t,f,2026-01-30 11:35:46.163186+00,2026-01-30 11:35:46.163186+00,,Rave Resonant,Nijmegen,348,20kHz Rave Resonant,Rave Resonant,20khz.raveresonant.podcast@gmail.com,+31,6021b75a-81dd-4db0-8f3e-b4b7674b62a8,1-6966ab93-d660-46a0-9d6f-06e47af4674c
116,t,f,2026-01-30 11:49:28.853075+00,2026-01-30 11:49:28.853075+00,,20kHz Events,Nijmegen,348,20kHz,Events,20khz.events@gmail.com,+31,ab9bc494-5344-49e8-8c75-89ae943cd754,1-710885cd-321a-447f-8bc3-3f3334e21d04
117,t,f,2026-01-30 16:42:13.659892+00,2026-01-30 16:42:13.659892+00,,Struben,Sandton,365,Ruben,Vermeulen,rubenvermeulen2025@gmail.com,,3211cd1f-5b28-4d0e-8040-eb88ef1c8860,1-cd40bd68-d15b-4444-8aba-6b1b4a3884f8
118,t,f,2026-02-01 05:43:52.524844+00,2026-02-01 05:43:52.524844+00,,Pyr0 ,Johannesburg ,365,Rohan,Stavrou,rohanstvr2@gmail.com,,de87c9c3-5245-42a4-b336-00c3b9456fe1,1-01ac3598-2cf2-443b-8ed5-94c77bddc2ea
70,t,f,2026-04-30 08:14:14.444883+00,2026-04-30 08:14:14.444883+00,,UNDERGRND,Amsterdam,348,Alex,Sharp,undrgrnd.socialmedia@gmail.com,+31,b9e54ade-038c-42cb-a251-61c206b24983,1-6a94ec29-2089-45ba-8ace-3a8454b7cef3
122,t,f,2026-04-02 15:51:23.948283+00,2026-04-02 15:51:23.948283+00,,Breakthrough Events,Amsterdam,348,Floris,van Kan,breakthrough.events@outlook.com,+31,a0a92837-c8e9-4fd6-a6a7-b4e86ce76613,1-ec9fd102-af32-4b96-8a7f-4bdce85f5172
123,t,f,2026-04-11 18:50:38.995444+00,2026-04-11 18:50:38.995444+00,,FOXEVENTS / GIRLAXY,Amsterdam,348,Diana,Liskins,info@girlaxy.nl,,c5dde712-5582-499f-8567-efbe13edb106,
124,t,f,2026-04-14 20:03:01.137632+00,2026-04-14 20:03:01.137632+00,,Sonaptic,Amsterdam ,348,Raffaele,Cacace,Raffaele.cacace@thebulldog.com,,e319f2d3-d547-45a0-93e6-39ccc860408b,
126,t,f,2026-05-05 10:53:31.819503+00,2026-05-05 10:53:31.819503+00,,Son🔺ptic,Amaterdam,348,Raffaele,Cacace,lelluc84t@hotmail.it,+31687304923,950e4961-a88b-472c-ba5a-384f656fe5cf,
128,t,f,2026-05-07 19:20:21.75798+00,2026-05-07 19:20:21.75798+00,,Jungle Kitten,Amersfoort,348,Koen,Houtman,koen@junglekitten.nl,,6f0b5038-1f8e-4e03-a4f7-50a08832999c,
129,t,f,2026-05-08 15:29:43.697771+00,2026-05-08 15:29:43.697771+00,,HIGH TEA Music,Amsterdam,348,Pim,Bijl,pim@highteamusic.nl,,298bcf22-d978-46f6-a9d4-5026160f2a64,
130,t,f,2026-05-13 17:48:08.128865+00,2026-05-13 17:48:08.128865+00,,The intern,Amsterdam,348,Liam,OToole,confrnc.ams@gmail.com,,c925ee9d-28e9-4975-9258-fa370a7aa24d,
131,t,f,2026-05-21 20:17:49.970754+00,2026-05-21 20:17:49.970754+00,,Disturbia,Amsterdam ,348,Disturbia,Disturbia,disturbia.events@gmail.com,,495ffd33-92ca-4e8b-bd9f-2649fae31c57,1-22e4d970-9bea-4f5c-ba59-e91758694667
